"brand","image","product_name"
"NIKE 耐吉","https://img4.momoshop.com.tw/goodsimg/0012/276/023/12276023_L.webp?t=1722834011","【NIKE 耐吉】運動鞋 休閒鞋 慢跑鞋 工裝 NIKE ZOOM VOMERO 5 男鞋 女鞋 奶茶 灰 多款(FD9919-001&)"
"NIKE 耐吉","https://img4.momoshop.com.tw/goodsimg/0012/292/339/12292339_L.webp?t=1717650430","【NIKE 耐吉】COURT BOROUGH LOW / COURT BOROUGH LOW 2 GS 女鞋 大童鞋 運動休閒鞋 多款任選(FV8120141 &)"
"NIKE 耐吉","https://img4.momoshop.com.tw/goodsimg/0011/983/841/11983841_L.webp?t=1722488847","【NIKE 耐吉】運動鞋 休閒鞋 TC 7900 MAX BLISS AF1 FORCE 女鞋 白米灰綠粉 多款(DD9682-100&)"
"NIKE 耐吉","https://img4.momoshop.com.tw/goodsimg/0012/531/442/12531442_L.webp?t=1715164187","【NIKE 耐吉】COURT VISION LO NN 休閒 運動 女鞋 男鞋 多款任選(DH3158100 & DH3158102 &)"
"NIKE 耐吉","https://img4.momoshop.com.tw/goodsimg/0012/039/259/12039259_L.webp?t=1722315792","【NIKE 耐吉】】休閒鞋 運動鞋 NIKE DUNK LOW 女鞋 黑白綠黃藍 多款任選(FZ4347100&)"
"NIKE 耐吉","https://img4.momoshop.com.tw/goodsimg/0012/585/418/12585418_L.webp?t=1722488601","【NIKE 耐吉】運動鞋 休閒鞋 跑鞋 COURT BOROUGH VARSITY LEATHER 女鞋 大童 黑白 多款(DV5456-104&)"
"NIKE 耐吉","https://img4.momoshop.com.tw/goodsimg/0012/502/137/12502137_L.webp?t=1722834014","【NIKE 耐吉】運動鞋 休閒鞋 NIKE COURT LEGACY LIFT WAFFLE 女鞋 小白鞋 厚底 增高 多款(DM7590-200&)"
"NIKE 耐吉","https://img4.momoshop.com.tw/goodsimg/0012/315/809/12315809_L.webp?t=1704877380","【NIKE 耐吉】休閒鞋 運動鞋 CORTEZ BASIC SL GS 女/大童 - A-904764102"
"NIKE 耐吉","https://img4.momoshop.com.tw/goodsimg/0012/232/545/12232545_L.webp?t=1719378238","【NIKE 耐吉】運動鞋 休閒鞋 GAMMA FORCE 女鞋 平替版AF1 厚底 增高 黑白藍 多款(DX9176-107&)"
"NIKE 耐吉","https://img4.momoshop.com.tw/goodsimg/0012/781/127/12781127_L.webp?t=1714107674","【NIKE 耐吉】Court Borough Low 2 GS 女鞋 大童 白色 基本款 小白鞋 休閒鞋 BQ5448-100"
"NIKE 耐吉","https://img4.momoshop.com.tw/goodsimg/0011/378/827/11378827_L.webp?t=1696669879","【NIKE 耐吉】 運動拖鞋 W NIKE VICTORI ONE SHWER SLIDE 男女 A-CZ7836001 B-BQ4639003 精選八款"
"NIKE 耐吉","https://img4.momoshop.com.tw/goodsimg/0012/652/077/12652077_L.webp?t=1719291900","【NIKE 耐吉】V2K Runtekk Grey Pink 女鞋 灰粉色 龍年 限定 過年 復古 休閒鞋 FZ5061-100"
"NIKE 耐吉","https://img4.momoshop.com.tw/goodsimg/0011/984/032/11984032_L.webp?t=1722728882","【NIKE 耐吉】】運動鞋 休閒鞋 慢跑鞋  NIKE COURT VISION LOW E-SERIES 女鞋 黑白 多款(CD5434-100&)"
"NIKE 耐吉","https://img4.momoshop.com.tw/goodsimg/0012/227/282/12227282_L.webp?t=1722661458","【NIKE 耐吉】運動鞋 慢跑鞋 穆勒鞋 休閒鞋 COURT LEGACY 女鞋 男鞋 白黑粉灰 多款(DV5456-111&)"
"NIKE 耐吉","https://img4.momoshop.com.tw/goodsimg/0013/007/597/13007597_L.webp?t=1722760442","【NIKE 耐吉】老爹鞋 Wmns TC 7900 女鞋 米白 深藍 厚底 增高 休閒鞋(DD9682-103)"
"NIKE 耐吉","https://img4.momoshop.com.tw/goodsimg/0010/724/014/10724014_L.webp?t=1720421684","【NIKE 耐吉】NIKE TC7900 休閒鞋 老爹鞋 仙女鞋 女鞋 米白 黑 酒紅 多色 增高(DD9682-100/001/003)"
"NIKE 耐吉","https://img4.momoshop.com.tw/goodsimg/0012/573/292/12573292_L.webp?t=1723182002","【NIKE 耐吉】休閒鞋 慢跑鞋 運動鞋 WMNS NIKE COURT VINTAGE PRM 男女 A-CW1067100 C-DH3158101 精選六款"
"NIKE 耐吉","https://img4.momoshop.com.tw/goodsimg/0012/585/414/12585414_L.webp?t=1722760524","【NIKE 耐吉】運動鞋 休閒鞋 W NIKE E-SERIES AD 女鞋 男鞋 黑白粉灰綠 多款(DV8405001&)"
"NIKE 耐吉","https://img4.momoshop.com.tw/goodsimg/0010/957/210/10957210_L.webp?t=1696670028","【NIKE 耐吉】Nike Dunk Low Photon Dust W 灰白 女款 休閒鞋 DD1503-103"
"NIKE 耐吉","https://img4.momoshop.com.tw/goodsimg/0012/276/022/12276022_L.webp?t=1722488475","【NIKE 耐吉】】運動鞋 休閒鞋 喬丹 AIR JORDAN 1 LOW 女鞋 男鞋 黑白 粉黃 熊貓 低筒 多款(FB9893-101&)"
"NIKE 耐吉","https://img4.momoshop.com.tw/goodsimg/0008/402/816/8402816_L.webp?t=1692989095","【NIKE 耐吉】休閒鞋 Wmns Air Force 1 07 運動 女鞋 男鞋 經典款 AF1 皮革 小白鞋 全白(DD8959-100)"
"NIKE 耐吉","https://img4.momoshop.com.tw/goodsimg/0009/900/430/9900430_L.webp?t=1693166021","【NIKE 耐吉】Nike Dunk Low WHITE BLACK 黑白 熊貓 休閒鞋 DD1503-101"
"NIKE 耐吉","https://img4.momoshop.com.tw/goodsimg/0012/877/392/12877392_L.webp?t=1716613278","【NIKE 耐吉】運動鞋 休閒鞋 W AIR FORCE 1 07 女鞋 AF1 白灰黃 撕撕樂 變形蟲 小金勾 多款(FZ5741191&)"
"NIKE 耐吉","https://img4.momoshop.com.tw/goodsimg/0012/573/432/12573432_L.webp?t=1721590562","【NIKE 耐吉】慢跑鞋 運動鞋 女 -FD0736102"
"NIKE 耐吉","https://img4.momoshop.com.tw/goodsimg/0011/110/736/11110736_L.webp?t=1698841337","【NIKE 耐吉】W Air Jordan 1 Low 灰白 煙灰 小DIOR 女款 DC0774-105"
"NIKE 耐吉","https://img4.momoshop.com.tw/goodsimg/0010/398/806/10398806_L.webp?t=1692301188","【NIKE 耐吉】休閒鞋 Air Force 1 GS 大童鞋 女鞋 白For AF1 小白鞋(DH2920-111)"
"NIKE 耐吉","https://img4.momoshop.com.tw/goodsimg/0011/857/658/11857658_L.webp?t=1694769293","【NIKE 耐吉】Nike V2K Run Summit White Metallic Silver 金屬銀 FD0736-100"
"NIKE 耐吉","https://img4.momoshop.com.tw/goodsimg/0013/028/672/13028672_L.webp?t=1722578895","【NIKE 耐吉】休閒鞋 女鞋 大童鞋 運動鞋 多款任選(HF0742161 DV5456109 DV5456003 DO7446101 FV8120141)"
"NIKE 耐吉","https://img4.momoshop.com.tw/goodsimg/0010/851/716/10851716_L.webp?t=1692380915","【NIKE 耐吉】休閒鞋 運動鞋 NIKE AIR MAX SC GS 男鞋 女鞋 大童 白(CZ5358102)"
"NIKE 耐吉","https://img4.momoshop.com.tw/goodsimg/0009/952/482/9952482_L.webp?t=1693171471","【NIKE 耐吉】運動鞋 女鞋 男鞋 休閒鞋 增高 老爹鞋 TC 7900 奶油白 DD9682-100(3W5463)"
